{"R2": 0.8932990166778475, "MSE": 857949573.1222739, "MAPE": 0.09536305850928414, "EV": 0.8937712746708963}